{
    "safeGraph_archiveList_weekly": "final_brand_info,final_core_poi_patterns,final_home_panel_summary,inal_social_distancing_metrics,final_visit_panel_summary,final_weekly_patterns",
    "safeGraph_dir": "safegraph",
    "safeGraph_filenames_monthly": "safeGraph_neighbrPanelSum_load.sql,safeGraph_normalizationStats_load.sql",
    "safeGraph_filenames_weekly": "safeGraph_normalizationStats_load.sql,safeGraph_brandInfo_load.sql,safeGraph_socialDistancingMetrics_load.sql,safeGraph_corePOIPatterns_load.sql,safeGraph_visitPanelSum_load.sql,safeGraph_homePanelSum_load.sql,safeGraph_weeklyPatterns_load.sql,safeGraph_neighbrPanelSum_load.sql",
    "safeGraph_metadata": "research-01-217611.df_edp_safegraph_stage.copy_metadata",
    "safeGraph_monthly_finalLoadFlag": false,
    "safeGraph_weekly_finalLoadFlag": false
}