{
    "ucd_archive_filters": "dim,ip|diagnosis,medical_claim|ub92,pharmacy_claim,member",
    "ucd_archive_meta_table": "vocal-catalyst-181823.test.commands_test",
    "ucd_enriched_diag_dir": "ucd/enrichment/diag",
    "ucd_enriched_diag_filenames": "diag_clm_enrich_load.sql",
    "ucd_enriched_ip_dir": "ucd/enrichment/member_ip",
    "ucd_enriched_ip_filenames": "ip_confinement_enrich_load_pqi_cs.sql,ip_confinement_enrich_load.sql",
    "ucd_enriched_med_pha_dir": "ucd/enrichment/med_pha",
    "ucd_enriched_med_pha_filenames": "med_clm_enrich_load.sql,pha_clm_enrich_load.sql",
    "ucd_enriched_mem_cont_detail_dir": "ucd/enrichment/member_cont_detail",
    "ucd_enriched_mem_cont_detail_filenames": "mem_cont_enrich_load.sql,memb_detail_enrich_load.sql",
    "ucd_enriched_mem_sum_dir": "ucd/enrichment/member_sum",
    "ucd_enriched_mem_sum_filenames": "mem_sum_enrich_load.sql",
    "ucd_enriched_non_mem_dir": "enrichment",
    "ucd_medical_consolidated_dir": "ucd/medical/consolidated",
    "ucd_medical_consolidated_filenames": "udd_medical_claim_consolidated.sql",
    "ucd_medical_dir": "ucd/medical",
    "ucd_medical_filenames": "udd_medical_claim_allsavers.sql,udd_medical_claim_bind.sql,udd_medical_claim_ihr.sql,udd_medical_claim_miniov.sql,udd_medical_claim_sma.sql,udd_medical_claim_umr.sql,udd_medical_claims_ugap.sql",
    "ucd_medical_galaxy_dir": "ucd/medical/galaxy",
    "ucd_medical_galaxy_filenames": "01_ucd_medical_statistical_galaxy.sql,02_ucd_ub92_xtra_proc_galaxy.sql,03_ucd_medical_claim_ub92_galaxy.sql,04_udd_medical_claim_galaxy.sql",
    "ucd_membership_dir": "ucd/membership",
    "ucd_membership_filenames": "mem_idx.sql,mem_udw.sql,mem_mnth.sql,mem_consol.sql,cust_seg_det.sql",
    "ucd_metadata_table": "vocal-catalyst-181823.platform_engineering.copytables_metadata",
    "ucd_pharmacy_consolidated_dir": "ucd/pharmacy/consolidated",
    "ucd_pharmacy_consolidated_filenames": "udd_pharmacy_claim_consolidated.sql",
    "ucd_pharmacy_dir": "ucd/pharmacy",
    "ucd_pharmacy_filenames": "udd_pharmacy_claim_allsavers.sql,udd_pharmacy_claim_bind.sql,udd_pharmacy_claim_galaxy.sql,udd_pharmacy_claim_ihr.sql,udd_pharmacy_claim_miniov.sql,udd_pharmacy_claim_sma.sql,udd_pharmacy_claim_umr.sql,udd_pharmacy_claims_ugap.sql",
    "ucd_summary_dir": "ucd/summary",
    "ucd_summary_filenames": "load_cms_ref_scores.sql,load_comorbid_scores.sql,load_hhs_raf_scores.sql",
    "ucd_summary_helper_dir": "ucd/summary/helper",
    "ucd_summary_helper_filenames": "summary_helper.sql"
}