<configuration>
<!--      <property name="HOME_LOG" value="${user.home}\\tmp\\${application.name}"/>
 --><if condition='"${spring.profiles.active}".equals("default")'>
		<then>
			<property resource="application.properties" />
		</then>
		<else>
			<property
				resource="application-${spring.profiles.active}.properties" />
		</else>
	</if>
    <appender name="FILE-ROLLING" class="ch.qos.logback.core.rolling.RollingFileAppender">
    
    	<file>${logging.path}/${application.name}/log.log</file>
        <rollingPolicy class="ch.qos.logback.core.rolling.SizeAndTimeBasedRollingPolicy">
            <fileNamePattern>${logging.path}/${application.name}/archived/app.%d{yyyy-MM-dd}.%i.log.gz</fileNamePattern>
            <!-- each archived file, size max 10MB -->
            <maxFileSize>10MB</maxFileSize>
            <!-- total size of all archive files, if total size > 20GB, it will delete old archived file -->
            <totalSizeCap>20GB</totalSizeCap>
            <!-- 60 days to keep -->
            <maxHistory>60</maxHistory>
        </rollingPolicy>

        <encoder>
            <pattern>%d %p %c{1.} [%t] %m%n</pattern>
        </encoder>
    </appender>

    <appender name="CONSOLE" class="ch.qos.logback.core.ConsoleAppender">
        <layout class="ch.qos.logback.classic.PatternLayout">
            <Pattern>
                %d{HH:mm:ss.SSS} [%t] %-5level %logger{36} - %msg%n
            </Pattern>
        </layout>
    </appender>

<!-- Error to go to Kafka-->

    <appender name="indexing-kafka-appender" class="com.github.danielwegener.logback.kafka.KafkaAppender">
        <encoder class="net.logstash.logback.encoder.LogstashEncoder">
            <customFields>{"appname":"${application.name}", "pod": "${POD_NAME}",
                "appversion": "${application.version}"}</customFields>
            <fieldNames>
                <timestamp>timestamp</timestamp>
            </fieldNames>
        </encoder>
        <topic>${application.streams.topic.indexing}</topic>
        <keyingStrategy class="com.github.danielwegener.logback.kafka.keying.NoKeyKeyingStrategy" />
        <deliveryStrategy class="com.github.danielwegener.logback.kafka.delivery.AsynchronousDeliveryStrategy" />

        <producerConfig>bootstrap.servers=${spring.kafka.bootstrap-servers}</producerConfig>
        <producerConfig>acks=all</producerConfig>
        <producerConfig>linger.ms=100</producerConfig>
        <producerConfig>max.block.ms=100</producerConfig>
        <producerConfig>retries=3</producerConfig>
        <!--<producerConfig>client.id=${HOSTNAME}-${CONTEXT_NAME}-logback-relaxed</producerConfig>-->

    </appender>
    
    
    <!-- definition of appender STDOUT -->
    <appender name="STDOUT" class="ch.qos.logback.core.ConsoleAppender">
        <encoder>
            <pattern>%d{HH:mm:ss.SSS} [%t] %-5level %logger{36} - %msg%n</pattern>
        </encoder>
    </appender>
    
    
    <logger name="com.uhg.ihr.idz.framework.logger" level="info" additivity="false">
        <appender-ref ref="indexing-kafka-appender"/>
    </logger>  
    <logger name="com.uhg.ihr.idz" level="info" additivity="false">
        <appender-ref ref="FILE-ROLLING"/>
    </logger>
    <logger name="com.uhg.ihr.idz" level="info" additivity="false">
        <appender-ref ref="STDOUT"/>
    </logger>
    <root level="error">
        <appender-ref ref="FILE-ROLLING"/>
    </root>

    <root level="error">
        <appender-ref ref="CONSOLE"/>
    </root>

    <root level="info">
        <!-- appender referenced after it is defined -->
        <appender-ref ref="STDOUT"/>
    </root>

</configuration>