ei:prtnrCd,ei:srcCd,ei:outFileNm,ei:prikeycols,ei:modtscol,ei:activeflag
UHC,CSF,FAC_CMC_LOBD_LINE_BUS,LOBD_ID,CDC_TS,Y
OPTUM,GPS,INDIVIDUAL,INDIVIDUAL_ID,CDC_TS,Y
OPTUM,GPS,LINE_OF_BUSINESS,LINE_OF_BUSINESS_ID,CDC_TS,Y
OPTUM,GPS,HOUSEHOLD_MEMBER,HOUSEHOLD_MEMBER_ID,CDC_TS,Y
OPTUM,GPS,HOUSEHOLD,HOUSEHOLD_ID,CDC_TS,Y
OPTUM,GPS,HOUSEHOLD_ADDRESS,HOUSEHOLD_ADDRESS_ID,CDC_TS,Y
OPTUM,GPS,INSURED_PLAN,INSURED_PLAN_ID,CDC_TS,Y
UHC,CSF,FAC_CMC_MEME_MEMBER,MEME_CK,CDC_TS,Y
UHC,CSF,FAC_AU_CMC_GRGR_GROUP,GRGR_CK,CDC_TS,Y
UHC,CSF,FAC_CMC_MEPE_PRCS_ELIG,MEME_CK;CSPD_CAT;MEPE_EFF_DT,CDC_TS,Y
UHC,CSF,FAC_CMC_PAGR_PARENT_GR,PAGR_CK,CDC_TS,Y
UHC,CSF,FAC_CMC_SBSB_SUBSC,SBSB_CK,CDC_TS,Y
UHC,CSF,FAC_AU_CMC_PDPD_PRODUCT,PDPD_ID;PDPD_EFF_DT,CDC_TS,Y
UHC,CSF,FAC_CMC_LOBD_LINE_BUS,LOBD_ID,CDC_TS,Y
UHC,CSF,FAC_CMC_PYPY_PAYOR,PYPY_ID;PYPY_EFF_DT,CDC_TS,Y
UHC,CSF,_CMC_SBSB_SUBSC
OPTUM,GPS,REGION_PLAN_PROFILE,REGION_PLAN_PROFILE_ID,CDC_TS,Y
OPTUM,GPS,REGION_PLAN,REGION_PLAN_ID,CDC_TS,Y
OPTUM,GPS,CONTRACT,CONTRACT_ID,CDC_TS,Y
OPTUM,GPS,HOUSEHOLD_PROFILE,HOUSEHOLD_PROFILE_ID,CDC_TS,Y
OPTUM,GPS,PLAN_ATTACHABILITY,PLAN_ATTACHABILITY_ID,CDC_TS,Y
OPTUM,GPS,EMPLOYER_HOUSEHOLD,EMPLOYER_HOUSEHOLD_ID,CDC_TS,Y
OPTUM,GPS,PLAN,PLAN_CD,CDC_TS,Y
OPTUM,GPS,PLAN_TYPE,PLAN_TYPE_ID,CDC_TS,Y
OPTUM,GPS,REGION,REGION_ID,CDC_TS,Y
OPTUM,GPS,LEGAL_ENTITY,LEGAL_ENTITY_ID,CDC_TS,Y
OPTUM,GPS,MEMBERSHIP_NUMBER_SYSTEM,MEMBERSHIP_NUM_SYS_ID,CDC_TS,Y
OPTUM,GPS,TITLE,TITLE_ID,CDC_TS,Y
OPTUM,GPS,LINE_OF_BUSINESS,LINE_OF_BUSINESS_ID,CDC_TS,Y
OPTUM,GPS,TITLE_TYPE,TITLE_TYPE_ID,CDC_TS,Y
OPTUM,GPS,LANGUAGE_PREFERENCE,LANGUAGE_PREFERENCE_ID,CDC_TS,Y
OPTUM,GPS,ADDRESS_TYPE,ADDRESS_TYPE_ID,CDC_TS,Y
UHC,CSF,FAC_CMC_GRGR_GROUP,GRGR_CK,CDC_TS,Y
UHC,CSF,FAC_CMC_LOBD_LINE_BUS,LOBD_ID,CDC_TS,Y
UHC,CSF,FAC_CMC_MECD_MEDICAID,MEME_CK;MECD_EFF_DT,CDC_TS,Y
UHC,CSF,CMC_PDPD_PRODUCT,PDPD_ID;PDPD_EFF_DT,CDC_TS,Y
UHC,CSF,FAC_CMC_PDPD_PRODUCT,PDPD_ID;PDPD_EFF_DT,CDC_TS,Y
UHC,CDB,F6435DBP_L_CNSM_SRCH,PARTN_NBR;CNSM_ID;SRC_CD;LGCY_SRC_ID,CDC_TS,Y
UHC,CDB,F6435DBP_L_COV_PRDT_DT,PARTN_NBR;CNSM_ID;SRC_CD;LGCY_POL_NBR;LGCY_SRC_ID;COV_TYP_CD;COV_EFF_DT,CDC_TS,Y
UHC,CDB,F6435DBP_ML_CNSM_TEL,PARTN_NBR;CNSM_ID;SRC_CD;LGCY_SRC_ID;TEL_TYP_CD,CDC_TS,Y
UHC,CDB,F6435DBP_CNSM_LANG_PREF,PARTN_NBR;CNSM_ID;LANG_CTGY_CD,CDC_TS,Y
UHC,CDB,F6435DBP_ML_CNSM_ADR,PARTN_NBR;CNSM_ID;SRC_CD;LGCY_SRC_ID;PST_ADR_TYP_CD,CDC_TS,Y
UHC,CDB,F6435DBP_ML_CNSM_ELCTR_ADR,PARTN_NBR;CNSM_ID;SRC_CD;LGCY_SRC_ID;ELCTR_ADR_TYP_CD,CDC_TS,Y
UHC,CDB,F6435DBP_CNSM_RACE_SEL,PARTN_NBR;CNSM_ID;UHG_RACE_CD,CDC_TS,Y
