{
    "resourceType": "Bundle",
    "type": "searchset",
    "entry": [
        {
            "fullUrl": "urn:uuid:53696727-ce76-46dd-8bcd-4e157614e97b",
            "resource": {
                "resourceType": "Practitioner",
                "identifier": [
                    {
                        "type": {
                            "coding": [
                                {
                                    "system": "http://hl7.org/fhir/sid/us-npi",
                                    "code": "NPI",
                                    "display": "National Provider Identifier"
                                }
                            ]
                        }
                    }
                ]
            }
        },
        {
            "fullUrl": "urn:uuid:53923c22-3773-47c9-9e3b-e67224f4373e",
            "resource": {
                "resourceType": "Location",
                "identifier": [
                    {
                        "type": {
                            "coding": [
                                {
                                    "system": "http://hl7.org/fhir/sid/us-npi",
                                    "code": "NPI",
                                    "display": "National Provider Identifier"
                                }
                            ]
                        }
                    }
                ]
            }
        },
        {
            "fullUrl": "urn:uuid:98bfa35f-f8de-452c-aaec-8af163f5cb54",
            "resource": {
                "resourceType": "Practitioner",
                "identifier": [
                    {
                        "type": {
                            "text": "dataAuthorIdentifier"
                        },
                        "value": "408ACTC345138514734338048"
                    }
                ]
            }
        },
        {
            "fullUrl": "urn:uuid:52b39344-c250-4682-a261-475542988eb5",
            "resource": {
                "resourceType": "PractitionerRole",
                "code": [
                    {
                        "text": "Medical Director"
                    }
                ]
            }
        },
        {
            "fullUrl": "urn:uuid:ccc5927c-845e-4954-9458-7570fbbaf18f",
            "resource": {
                "resourceType": "Medication",
                "extension": [
                    {
                        "url": "https://new-wiki.optum.com/display/IHRI/IHR+API+Drug+Class",
                        "valueString": "[\"Antidiabetic - Biguanide\"]"
                    }
                ],
                "code": {
                    "coding": [
                        {
                            "system": "NDC Foreign Key",
                            "code": "23490745806",
                            "display": "Metformin HCl ER Oral Tablet Extended Release 24 Hour 500 MG"
                        },
                        {
                            "system": "2.16.840.1.113883.6.64",
                            "code": "287634"
                        },
                        {
                            "system": "2.16.840.1.113883.6.64",
                            "code": "First Databank (FDB) Medication Code"
                        },
                        {
                            "system": "https://www.wolterskluwercdi.com",
                            "code": "67934"
                        }
                    ],
                    "text": "MetFORMIN Hydrochloride ER Oral Tablet Extended Release 24 Hour 500 mg"
                }
            }
        },
        {
            "fullUrl": "urn:uuid:a8ac54c5-7d9d-4f17-b3cc-56fa2faf2f6f",
            "resource": {
                "resourceType": "MedicationStatement",
                "meta": {
                    "extension": [
                        {
                            "url": "https://new-wiki.optum.com/display/IHRI/IHR+API+Medication+Review+Received+Date",
                            "valueDateTime": "2021-11-19T08:45:29Z"
                        }
                    ],
                    "lastUpdated": "2021-11-19T08:49:29Z"
                },
                "extension": [
                    {
                        "url": "https://new-wiki.optum.com/display/IHRI/IHR+API+Status",
                        "valueCodeableConcept": {
                            "coding": [
                                {
                                    "display": "Discontinued / Stopped"
                                }
                            ],
                            "text": "Discontinued / Stopped"
                        }
                    },
                    {
                        "url": "https://new-wiki.optum.com/pages/viewpage.action?spaceKey=IHRI&title=IHR+API+Presence+State",
                        "valueString": "Past Occurrence"
                    },
                    {
                        "url": "https://new-wiki.optum.com/display/IHRI/Medication+generic+flag",
                        "valueBoolean": true
                    },
                    {
                        "url": "https://new-wiki.optum.com/display/IHRI/IHR+API+Start+Date",
                        "valueDateTime": "2020-10-11T00:00:00Z"
                    },
                    {
                        "url": "https://new-wiki.optum.com/display/IHRI/IHR+API+Clinically+Relevant+Date",
                        "valueDateTime": "2021-11-17T14:45:05Z"
                    },
                    {
                        "url": "https://new-wiki.optum.com/display/IHRI/takenAsOrdered",
                        "valueBoolean": true
                    },
                    {
                        "url": "https://new-wiki.optum.com/display/IHRI/ihrAdherenceStopDate",
                        "valueDateTime": "2021-10-24T00:00:00Z"
                    },
                    {
                        "url": "https://new-wiki.optum.com/display/IHRI/IHR+API+Data+Source+Method",
                        "valueString": "[\"Staff Indirect Entry\"]"
                    }
                ],
                "identifier": [
                    {
                        "type": {
                            "text": "recordKey"
                        },
                        "value": "o*}Dci.-4hh8)ozh9DqkDN%N@EjP.xoJ0VaEsh"
                    },
                    {
                        "type": {
                            "text": "instanceId"
                        },
                        "value": "4"
                    },
                    {
                        "type": {
                            "text": "relatedConditionInstanceIds"
                        },
                        "value": "[52]"
                    },
                    {
                        "type": {
                            "text": "referenceIds"
                        },
                        "value": "[\"2019-11-17T14-45-44Z-vivek-stg-test\",\"2021-11-17T14-45-44Z-vivek-stg-test\",\"2021-10-24T00-00-44Z-Enlighten-medhub-krishProle-METFORMIN-001\",\"2021-10-25T00-00-44Z-Enlighten-medhub-krishProle-METFORMIN-004\",\"2021-10-25T00-00-44Z-Enlighten-medhub-krishProle-METFORMIN-003\",\"2021-10-24T00-00-44Z-Enlighten-medhub-krishProle-METFORMIN-002\"]"
                    },
                    {
                        "type": {
                            "text": "employeeId"
                        },
                        "value": "001411615"
                    },
                    {
                        "type": {
                            "text": "reviewerIhrActorIdentifier"
                        },
                        "value": "408ACTC345138514734338048"
                    }
                ],
                "basedOn": [
                    {
                        "reference": "urn:uuid:d5411dd4-8bba-4729-be2a-432c57ef2ec9"
                    }
                ],
                "partOf": [
                    {
                        "reference": "urn:uuid:f668d9e1-8bf1-4650-89a2-1e593cf95890"
                    }
                ],
                "medicationReference": {
                    "reference": "urn:uuid:ccc5927c-845e-4954-9458-7570fbbaf18f"
                },
                "subject": {
                    "reference": "urn:uuid:bd157a6f-0b35-3da4-9c57-15b5e3602202"
                },
                "effectivePeriod": {
                    "extension": [
                        {
                            "url": "https://new-wiki.optum.com/display/IHRI/ihrHoldDate",
                            "valueDateTime": "2021-10-26T00:00:00Z"
                        },
                        {
                            "url": "https://new-wiki.optum.com/display/IHRI/ihrRestartDate",
                            "valueDateTime": "2021-10-24T00:00:00Z"
                        }
                    ],
                    "start": "2020-10-11T05:30:00Z",
                    "end": "2021-10-30T05:30:00Z"
                },
                "dateAsserted": "2021-11-17T00:00:00Z",
                "informationSource": {
                    "reference": "urn:uuid:52b39344-c250-4682-a261-475542988eb5"
                },
                "reasonCode": [
                    {
                        "coding": [
                            {
                                "system": "SNOMED CT Foreign Key",
                                "code": "32914008"
                            }
                        ]
                    }
                ],
                "note": [
                    {
                        "extension": [
                            {
                                "url": "https://new-wiki.optum.com/display/IHRI/ihrNoteType",
                                "valueString": "Clinical Note"
                            }
                        ],
                        "authorReference": {
                            "reference": "urn:uuid:98bfa35f-f8de-452c-aaec-8af163f5cb54"
                        },
                        "time": "2021-11-17T00:00:00Z",
                        "text": "vivek PRole Metformin information"
                    },
                    {
                        "extension": [
                            {
                                "url": "https://new-wiki.optum.com/display/IHRI/ihrNoteType",
                                "valueString": "Clinical Note"
                            }
                        ],
                        "authorReference": {
                            "reference": "urn:uuid:98bfa35f-f8de-452c-aaec-8af163f5cb54"
                        },
                        "time": "2021-11-17T00:00:00Z",
                        "text": "vivek PRole Metformin information"
                    },
                    {
                        "extension": [
                            {
                                "url": "https://new-wiki.optum.com/display/IHRI/ihrNoteType",
                                "valueString": "Clinical Note"
                            }
                        ],
                        "authorReference": {
                            "reference": "urn:uuid:98bfa35f-f8de-452c-aaec-8af163f5cb54"
                        },
                        "time": "2021-10-24T00:00:00Z",
                        "text": "krishna PRole Metformin information"
                    },
                    {
                        "extension": [
                            {
                                "url": "https://new-wiki.optum.com/display/IHRI/ihrNoteType",
                                "valueString": "Clinical Note"
                            }
                        ],
                        "authorReference": {
                            "reference": "urn:uuid:98bfa35f-f8de-452c-aaec-8af163f5cb54"
                        },
                        "time": "2021-10-24T00:00:00Z",
                        "text": "krishna PRole Metformin information"
                    },
                    {
                        "extension": [
                            {
                                "url": "https://new-wiki.optum.com/display/IHRI/ihrNoteType",
                                "valueString": "Clinical Note"
                            }
                        ],
                        "authorReference": {
                            "reference": "urn:uuid:98bfa35f-f8de-452c-aaec-8af163f5cb54"
                        },
                        "time": "2021-10-24T00:00:00Z",
                        "text": "krishna PRole Metformin information"
                    },
                    {
                        "extension": [
                            {
                                "url": "https://new-wiki.optum.com/display/IHRI/ihrNoteType",
                                "valueString": "Clinical Note"
                            }
                        ],
                        "authorReference": {
                            "reference": "urn:uuid:98bfa35f-f8de-452c-aaec-8af163f5cb54"
                        },
                        "time": "2021-10-24T00:00:00Z",
                        "text": "krishna PRole Metformin information"
                    }
                ],
                "dosage": [
                    {
                        "text": "1 oral tablet, daily",
                        "timing": {
                            "code": {
                                "coding": [
                                    {
                                        "system": "http://terminology.hl7.org/CodeSystem/v3-GTSAbbreviation",
                                        "code": "QD",
                                        "display": "Daily (QD)"
                                    }
                                ],
                                "text": "Daily (QD)"
                            }
                        },
                        "route": {
                            "coding": [
                                {
                                    "system": "SNOMED CT Foreign Key",
                                    "code": "26643006",
                                    "display": "Oral"
                                }
                            ],
                            "text": "Into the Mouth"
                        },
                        "doseAndRate": [
                            {
                                "doseQuantity": {
                                    "value": 56,
                                    "unit": "Milligram",
                                    "system": "HL7v2 Units - Table 0574 - Foreign Key",
                                    "code": "MG"
                                }
                            }
                        ]
                    }
                ]
            }
        },
        {
            "fullUrl": "urn:uuid:d5411dd4-8bba-4729-be2a-432c57ef2ec9",
            "resource": {
                "resourceType": "MedicationRequest",
                "requester": {
                    "reference": "urn:uuid:53696727-ce76-46dd-8bcd-4e157614e97b"
                }
            }
        },
        {
            "fullUrl": "urn:uuid:f668d9e1-8bf1-4650-89a2-1e593cf95890",
            "resource": {
                "resourceType": "MedicationDispense",
                "location": {
                    "reference": "urn:uuid:53923c22-3773-47c9-9e3b-e67224f4373e"
                }
            }
        },
        {
            "fullUrl": "urn:uuid:bd157a6f-0b35-3da4-9c57-15b5e3602202",
            "resource": {
                "resourceType": "Patient",
                "name": [
                    {
                        "family": "bear",
                        "given": [
                            "brother"
                        ]
                    }
                ],
                "birthDate": "1990-11-21"
            }
        }
    ]
}